Entity,Code,2011,2024
Afghanistan,AFG,7.6,11.7
Albania,ALB,2.8,10.6
Algeria,DZA,7.0,17.5
Andorra,AND,5.4,10.1
Angola,AGO,2.9,4.9
Antigua and Barbuda,ATG,12.5,11.6
Argentina,ARG,5.5,14.0
Armenia,ARM,8.5,7.7
Aruba,ABW,12.4,4.6
Australia,AUS,6.6,7.4
Austria,AUT,6.6,5.4
Azerbaijan,AZE,2.8,10.2
Bahamas,BHS,12.1,8.9
Bahrain,BHR,19.5,22.1
Bangladesh,BGD,10.5,13.2
Barbados,BRB,12.4,13.2
Belarus,BLR,8.0,5.1
Belgium,BEL,4.8,5.9
Belize,BLZ,17.0,14.1
Benin,BEN,2.0,8.1
Bermuda,BMU,12.0,13.4
Bhutan,BTN,5.7,12.0
Bolivia,BOL,6.6,3.4
Bosnia and Herzegovina,BIH,7.5,10.3
Botswana,BWA,10.8,4.6
Brazil,BRA,10.1,10.6
Brunei,BRN,9.4,13.7
Bulgaria,BGR,6.7,7.4
Burkina Faso,BFA,3.0,4.5
Burundi,BDI,2.7,4.3
Cambodia,KHM,2.9,7.5
Cameroon,CMR,6.1,6.9
Canada,CAN,8.4,7.7
Cape Verde,CPV,5.4,6.8
Cayman Islands,CYM,12.0,11.1
Central African Republic,CAF,3.2,7.6
Chad,TCD,3.9,7.3
Chile,CHL,9.5,12.2
China,CHN,8.8,11.9
Colombia,COL,9.8,8.4
Comoros,COM,8.4,10.8
Congo,COG,5.5,8.1
Costa Rica,CRI,9.6,9.8
Cote d'Ivoire,CIV,4.9,5.0
Croatia,HRV,5.2,10.5
Cuba,CUB,9.4,9.4
Cyprus,CYP,9.3,10.0
Czechia,CZE,5.3,7.6
Democratic Republic of Congo,COD,3.1,7.7
Denmark,DNK,5.6,6.4
Djibouti,DJI,6.3,6.5
Dominica,DMA,8.9,12.9
Dominican Republic,DOM,8.1,17.6
East Timor,TLS,7.5,3.2
Ecuador,ECU,6.6,4.9
Egypt,EGY,16.6,22.4
El Salvador,SLV,9.4,12.7
Equatorial Guinea,GNQ,4.2,8.2
Eritrea,ERI,3.6,4.4
Estonia,EST,7.0,6.9
Eswatini,SWZ,3.1,7.9
Ethiopia,ETH,3.4,4.4
Fiji,FJI,10.9,16.6
Finland,FIN,5.8,6.9
France,FRA,5.4,6.5
French Polynesia,PYF,8.6,22.8
Gabon,GAB,10.3,8.5
Gambia,GMB,2.0,5.5
Georgia,GEO,2.8,6.7
Germany,DEU,5.3,7.8
Ghana,GHA,5.0,2.7
Greece,GRC,5.1,8.0
Grenada,GRD,8.6,11.3
Guam,GUM,8.6,20.3
Guatemala,GTM,9.3,13.2
Guinea,GIN,4.4,4.6
Guinea-Bissau,GNB,3.0,4.8
Guyana,GUY,16.7,16.4
Haiti,HTI,6.6,8.5
Honduras,HND,6.7,5.0
Hong Kong,HKG,7.6,8.2
Hungary,HUN,6.0,8.3
Iceland,ISL,3.2,6.9
India,IND,9.0,10.5
Indonesia,IDN,5.1,11.3
Iran,IRN,11.1,9.0
Iraq,IRQ,9.1,13.4
Ireland,IRL,5.2,3.6
Israel,ISR,7.4,10.1
Italy,ITA,5.1,7.7
Jamaica,JAM,15.7,12.5
Japan,JPN,7.7,8.1
Jordan,JOR,12.1,20.5
Kazakhstan,KAZ,7.7,6.8
Kenya,KEN,5.1,3.1
Kiribati,KIR,25.3,24.6
Kuwait,KWT,20.7,25.6
Kyrgyzstan,KGZ,6.3,7.6
Laos,LAO,3.3,6.7
Latvia,LVA,7.8,7.1
Lebanon,LBN,19.6,12.3
Lesotho,LSO,3.4,6.2
Liberia,LBR,3.3,9.2
Libya,LBY,13.8,15.8
Liechtenstein,LIE,4.7,7.2
Lithuania,LTU,7.8,7.5
Luxembourg,LUX,4.5,5.8
Macao,MAC,7.2,8.1
Madagascar,MDG,4.7,4.6
Malawi,MWI,5.6,5.7
Malaysia,MYS,12.1,21.1
Maldives,MDV,9.2,9.5
Mali,MLI,1.9,4.8
Malta,MLT,6.6,10.0
Marshall Islands,MHL,21.8,25.7
Mauritania,MRT,4.3,5.2
Mauritius,MUS,14.8,20.1
Mexico,MEX,15.6,16.4
Micronesia (country),FSM,15.7,19.2
Moldova,MDA,2.7,6.3
Monaco,MCO,5.6,6.9
Mongolia,MNG,7.1,10.3
Montenegro,MNE,7.7,10.7
Morocco,MAR,6.8,11.9
Mozambique,MOZ,3.1,3.0
Myanmar,MMR,7.1,6.7
Namibia,NAM,7.8,5.3
Nauru,NRU,20.4,21.8
Nepal,NPL,3.6,7.7
Netherlands,NLD,5.3,5.0
New Caledonia,NCL,8.6,22.0
New Zealand,NZL,8.6,6.7
Nicaragua,NIC,11.0,10.4
Niger,NER,4.2,4.1
Nigeria,NGA,4.8,3.0
North Korea,PRK,8.4,9.9
North Macedonia,MKD,7.7,7.4
Norway,NOR,4.7,4.8
Oman,OMN,10.5,17.0
Pakistan,PAK,7.9,31.4
Palau,PLW,11.1,19.3
Palestine,PSE,9.2,15.5
Panama,PAN,9.4,11.1
Papua New Guinea,PNG,7.6,14.1
Paraguay,PRY,6.5,9.4
Peru,PER,6.0,6.4
Philippines,PHL,9.7,7.5
Poland,POL,9.0,8.1
Portugal,PRT,9.6,10.5
Puerto Rico,PRI,13.0,10.9
Qatar,QAT,19.8,24.6
Romania,ROU,7.7,7.5
Russia,RUS,9.7,5.9
Rwanda,RWA,3.1,2.1
Saint Kitts and Nevis,KNA,8.5,13.8
Saint Lucia,LCA,8.4,11.4
Saint Vincent and the Grenadines,VCT,8.8,8.6
Samoa,WSM,7.7,25.4
San Marino,SMR,5.5,8.6
Sao Tome and Principe,STP,5.5,12.1
Saudi Arabia,SAU,19.6,23.1
Senegal,SEN,3.2,3.8
Serbia,SRB,7.7,10.5
Seychelles,SYC,12.1,9.3
Sierra Leone,SLE,3.2,4.8
Singapore,SGP,9.5,11.4
Slovakia,SVK,5.7,7.1
Slovenia,SVN,7.5,7.0
Solomon Islands,SLB,15.3,12.0
Somalia,SOM,4.3,5.8
South Africa,ZAF,7.0,7.2
South Korea,KOR,7.5,9.6
Spain,ESP,6.3,9.7
Sri Lanka,LKA,7.5,10.2
Sudan,SDN,8.6,19.0
Suriname,SUR,8.9,13.8
Sweden,SWE,4.2,5.8
Switzerland,CHE,5.9,5.3
Syria,SYR,9.9,19.0
Tajikistan,TJK,6.3,8.0
Tanzania,TZA,2.8,9.8
Thailand,THA,7.5,10.2
Togo,TGO,3.3,4.8
Tonga,TON,12.7,19.6
Trinidad and Tobago,TTO,12.7,12.4
Tunisia,TUN,9.5,16.0
Turkey,TUR,7.9,16.5
Turkmenistan,TKM,2.7,7.1
Tuvalu,TUV,19.2,19.0
Uganda,UGA,2.8,2.2
Ukraine,UKR,2.9,6.0
United Arab Emirates,ARE,18.8,20.7
United Kingdom,GBR,5.2,7.4
United States,USA,9.4,13.7
United States Virgin Islands,VIR,12.1,9.1
Uruguay,URY,5.7,7.8
Uzbekistan,UZB,6.4,7.5
Vanuatu,VUT,16.1,19.7
Venezuela,VEN,10.2,8.6
Vietnam,VNM,3.2,3.4
Yemen,YEM,9.6,5.5
Zambia,ZMB,4.8,10.3
Zimbabwe,ZWE,9.8,1.5
